filename,class,fill
00081.jpg,cup,0
00519.jpg,cup,0
00318.jpg,cup,0
00519.jpg,cup,0
00424.jpg,cup,0
00058.jpg,cup,0
00515.jpg,cup,0
00500.jpg,cup,0
00420.jpg,cup,0
00481.jpg,cup,0
00336.jpg,cup,0
00394.jpg,cup,0
00348.jpg,cup,0
00081.jpg,cup,0
00338.jpg,cup,0
00512.jpg,cup,0
00099.jpg,cup,0
00421.jpg,cup,0
00504.jpg,cup,0
00457.jpg,cup,0
00467.jpg,cup,0
00495.jpg,cup,0
00509.jpg,cup,0
00312.jpg,cup,0
00374.jpg,cup,0
00488.jpg,cup,0
00462.jpg,cup,0
00496.jpg,cup,0
00197.jpg,cup,0
00079.jpg,cup,0
00075.jpg,cup,0
00195.jpg,cup,0
00376.jpg,cup,0
00500.jpg,cup,0
00341.jpg,cup,0
00519.jpg,cup,0
00415.jpg,cup,0
00200.jpg,cup,0
00144.jpg,cup,0
00472.jpg,cup,0
00118.jpg,cup,0
00499.jpg,cup,0
00120.jpg,cup,0
00194.jpg,cup,0
00484.jpg,cup,0
00323.jpg,cup,0
00479.jpg,cup,0
00342.jpg,cup,0
00421.jpg,cup,0
00476.jpg,cup,0
00473.jpg,cup,0
00074.jpg,cup,0
00324.jpg,cup,0
00511.jpg,cup,0
00392.jpg,cup,0
00433.jpg,cup,0
00168.jpg,cup,0
00505.jpg,cup,0
00063.jpg,cup,0
00426.jpg,cup,0
00336.jpg,cup,0
00521.jpg,cup,0
00487.jpg,cup,0
00425.jpg,cup,0
00504.jpg,cup,0
00088.jpg,cup,0
00082.jpg,cup,0
00469.jpg,cup,0
00457.jpg,cup,0
00480.jpg,cup,0
00516.jpg,cup,0
00340.jpg,cup,0
00322.jpg,cup,0
00432.jpg,cup,0
00419.jpg,cup,0
00518.jpg,cup,0
00467.jpg,cup,0
00419.jpg,cup,0
00507.jpg,cup,0
00187.jpg,cup,0
00413.jpg,cup,0
00085.jpg,cup,0
00433.jpg,cup,0
00096.jpg,cup,0
00477.jpg,cup,0
00159.jpg,cup,0
00095.jpg,cup,0
00419.jpg,cup,0
00423.jpg,cup,0
00521.jpg,cup,0
00425.jpg,cup,0
00494.jpg,cup,0
00064.jpg,cup,0
00126.jpg,cup,0
00172.jpg,cup,0
00416.jpg,cup,0
00415.jpg,cup,0
00332.jpg,cup,0
00373.jpg,cup,0
00199.jpg,cup,0
00423.jpg,cup,0
00487.jpg,cup,0
00503.jpg,cup,0
00485.jpg,cup,0
00482.jpg,cup,0
00138.jpg,cup,0
00089.jpg,cup,0
00325.jpg,cup,0
00425.jpg,cup,0
00414.jpg,cup,0
00185.jpg,cup,0
00079.jpg,cup,0
00123.jpg,cup,0
00429.jpg,cup,0
00161.jpg,cup,0
00162.jpg,cup,0
00306.jpg,cup,0
00055.jpg,cup,0
00333.jpg,cup,0
00342.jpg,cup,0
00322.jpg,cup,0
00426.jpg,cup,0
00513.jpg,cup,0
00504.jpg,cup,0
00434.jpg,cup,0
00182.jpg,cup,0
00100.jpg,cup,0
00413.jpg,cup,0
00463.jpg,cup,0
00515.jpg,cup,0
00519.jpg,cup,0
00494.jpg,cup,0
00171.jpg,cup,0
00490.jpg,cup,0
00484.jpg,cup,0
00482.jpg,cup,0
00491.jpg,cup,0
00189.jpg,cup,0
00504.jpg,cup,0
00109.jpg,cup,0
00536.jpg,cup,30
00561.jpg,cup,30
00533.jpg,cup,30
00594.jpg,cup,30
00274.jpg,cup,30
00353.jpg,cup,30
00530.jpg,cup,30
00610.jpg,cup,30
00627.jpg,cup,30
00601.jpg,cup,30
00443.jpg,cup,30
00542.jpg,cup,30
00565.jpg,cup,30
00626.jpg,cup,30
00518.jpg,cup,30
00617.jpg,cup,30
00436.jpg,cup,30
00612.jpg,cup,30
00251.jpg,cup,30
00604.jpg,cup,30
00577.jpg,cup,30
00619.jpg,cup,30
00534.jpg,cup,30
00635.jpg,cup,30
00581.jpg,cup,30
00632.jpg,cup,30
00566.jpg,cup,30
00542.jpg,cup,30
00229.jpg,cup,30
00599.jpg,cup,30
00612.jpg,cup,30
00608.jpg,cup,30
00450.jpg,cup,30
00441.jpg,cup,30
00516.jpg,cup,30
00430.jpg,cup,30
00352.jpg,cup,30
00570.jpg,cup,30
00580.jpg,cup,30
00572.jpg,cup,30
00544.jpg,cup,30
00579.jpg,cup,30
00470.jpg,cup,30
00225.jpg,cup,30
00596.jpg,cup,30
00563.jpg,cup,30
00422.jpg,cup,30
00633.jpg,cup,30
00613.jpg,cup,30
00254.jpg,cup,30
00631.jpg,cup,30
00593.jpg,cup,30
00508.jpg,cup,30
00372.jpg,cup,30
00224.jpg,cup,30
00334.jpg,cup,30
00620.jpg,cup,30
00611.jpg,cup,30
00564.jpg,cup,30
00578.jpg,cup,30
00501.jpg,cup,30
00595.jpg,cup,30
00602.jpg,cup,30
00359.jpg,cup,30
00252.jpg,cup,30
00634.jpg,cup,30
00588.jpg,cup,30
00575.jpg,cup,30
00304.jpg,cup,30
00435.jpg,cup,30
00298.jpg,cup,30
00363.jpg,cup,30
00439.jpg,cup,30
00613.jpg,cup,30
00247.jpg,cup,30
00625.jpg,cup,30
00263.jpg,cup,30
00485.jpg,cup,30
00247.jpg,cup,30
00416.jpg,cup,30
00574.jpg,cup,30
00441.jpg,cup,30
00365.jpg,cup,30
00540.jpg,cup,30
00555.jpg,cup,30
00528.jpg,cup,30
00255.jpg,cup,30
00631.jpg,cup,30
00568.jpg,cup,30
00351.jpg,cup,30
00609.jpg,cup,30
00441.jpg,cup,30
00630.jpg,cup,30
00230.jpg,cup,30
00614.jpg,cup,30
00628.jpg,cup,30
00370.jpg,cup,30
00558.jpg,cup,30
00579.jpg,cup,30
00447.jpg,cup,30
00522.jpg,cup,30
00626.jpg,cup,30
00430.jpg,cup,30
00548.jpg,cup,30
00366.jpg,cup,30
00612.jpg,cup,30
00569.jpg,cup,30
00619.jpg,cup,30
00224.jpg,cup,30
00452.jpg,cup,30
00495.jpg,cup,30
00252.jpg,cup,30
00623.jpg,cup,30
00618.jpg,cup,30
00606.jpg,cup,30
00362.jpg,cup,30
00364.jpg,cup,30
00541.jpg,cup,30
00586.jpg,cup,30
00241.jpg,cup,30
00550.jpg,cup,30
00315.jpg,cup,30
00551.jpg,cup,30
00459.jpg,cup,30
00593.jpg,cup,30
00305.jpg,cup,30
00541.jpg,cup,30
00311.jpg,cup,30
00349.jpg,cup,30
00350.jpg,cup,30
00263.jpg,cup,30
00358.jpg,cup,30
00615.jpg,cup,30
00304.jpg,cup,30
00503.jpg,cup,30
00247.jpg,cup,30
00576.jpg,cup,30
00615.jpg,cup,30
00620.jpg,cup,30
00557.jpg,cup,30
00469.jpg,cup,100
00586.jpg,cup,100
00516.jpg,cup,100
00547.jpg,cup,100
00456.jpg,cup,100
00533.jpg,cup,100
00568.jpg,cup,100
00572.jpg,cup,100
00483.jpg,cup,100
00539.jpg,cup,100
00476.jpg,cup,100
00565.jpg,cup,100
00467.jpg,cup,100
00468.jpg,cup,100
00456.jpg,cup,100
00502.jpg,cup,100
00599.jpg,cup,100
00497.jpg,cup,100
00476.jpg,cup,100
00564.jpg,cup,100
00500.jpg,cup,100
00534.jpg,cup,100
00541.jpg,cup,100
00539.jpg,cup,100
00507.jpg,cup,100
00474.jpg,cup,100
00496.jpg,cup,100
00492.jpg,cup,100
00548.jpg,cup,100
00463.jpg,cup,100
00552.jpg,cup,100
00475.jpg,cup,100
00481.jpg,cup,100
00470.jpg,cup,100
00525.jpg,cup,100
00477.jpg,cup,100
00559.jpg,cup,100
00501.jpg,cup,100
00478.jpg,cup,100
00490.jpg,cup,100
00552.jpg,cup,100
00482.jpg,cup,100
00580.jpg,cup,100
00536.jpg,cup,100
00481.jpg,cup,100
00513.jpg,cup,100
00560.jpg,cup,100
00544.jpg,cup,100
00552.jpg,cup,100
00576.jpg,cup,100
00469.jpg,cup,100
00463.jpg,cup,100
00592.jpg,cup,100
00529.jpg,cup,100
00468.jpg,cup,100
00526.jpg,cup,100
00595.jpg,cup,100
00482.jpg,cup,100
00561.jpg,cup,100
00416.jpg,cup,100
00540.jpg,cup,100
00545.jpg,cup,100
00546.jpg,cup,100
00495.jpg,cup,100
00508.jpg,cup,100
00574.jpg,cup,100
00526.jpg,cup,100
00531.jpg,cup,100
00598.jpg,cup,100
00512.jpg,cup,100
00455.jpg,cup,100
00505.jpg,cup,100
00493.jpg,cup,100
00557.jpg,cup,100
00589.jpg,cup,100
00462.jpg,cup,100
00569.jpg,cup,100
00477.jpg,cup,100
00510.jpg,cup,100
00472.jpg,cup,100
00478.jpg,cup,100
00466.jpg,cup,100
00535.jpg,cup,100
00498.jpg,cup,100
00488.jpg,cup,100
00585.jpg,cup,100
00465.jpg,cup,100
00597.jpg,cup,100
00527.jpg,cup,100
00571.jpg,cup,100
00532.jpg,cup,100
00465.jpg,cup,100
00528.jpg,cup,100
00455.jpg,cup,100
00471.jpg,cup,100
00479.jpg,cup,100
00567.jpg,cup,100
00480.jpg,cup,100
00551.jpg,cup,100
00590.jpg,cup,100
00461.jpg,cup,100
00556.jpg,cup,100
00503.jpg,cup,100
00552.jpg,cup,100
00552.jpg,cup,100
00558.jpg,cup,100
00464.jpg,cup,100
00542.jpg,cup,100
00591.jpg,cup,100
00554.jpg,cup,100
00509.jpg,cup,100
00573.jpg,cup,100
00543.jpg,cup,100
00475.jpg,cup,100
00499.jpg,cup,100
00461.jpg,cup,100
00563.jpg,cup,100
00538.jpg,cup,100
00480.jpg,cup,100
00418.jpg,cup,100
00584.jpg,cup,100
00464.jpg,cup,100
00600.jpg,cup,100
00511.jpg,cup,100
00583.jpg,cup,100
00479.jpg,cup,100
00469.jpg,cup,100
00570.jpg,cup,100
00593.jpg,cup,100
00596.jpg,cup,100
00466.jpg,cup,100
00422.jpg,cup,100
00494.jpg,cup,100
00515.jpg,cup,100
00577.jpg,cup,100
00457.jpg,cup,100
00587.jpg,cup,100
00483.jpg,cup,100
00491.jpg,cup,100
00518.jpg,cup,100
01369.jpg,glass,0
01371.jpg,glass,0
00177.jpg,glass,0
00385.jpg,glass,0
00544.jpg,glass,0
00238.jpg,glass,0
00560.jpg,glass,0
01439.jpg,glass,0
00072.jpg,glass,0
01423.jpg,glass,0
01404.jpg,glass,0
01358.jpg,glass,0
01410.jpg,glass,0
00754.jpg,glass,0
00800.jpg,glass,0
01419.jpg,glass,0
01386.jpg,glass,0
00179.jpg,glass,0
01436.jpg,glass,0
00478.jpg,glass,0
01361.jpg,glass,0
00791.jpg,glass,0
01424.jpg,glass,0
00234.jpg,glass,0
00381.jpg,glass,0
00318.jpg,glass,0
00083.jpg,glass,0
00482.jpg,glass,0
01432.jpg,glass,0
00893.jpg,glass,0
01443.jpg,glass,0
00795.jpg,glass,0
00557.jpg,glass,0
01423.jpg,glass,0
01879.jpg,glass,0
00520.jpg,glass,0
01431.jpg,glass,0
00768.jpg,glass,0
00892.jpg,glass,0
01902.jpg,glass,0
00386.jpg,glass,0
00199.jpg,glass,0
00379.jpg,glass,0
00326.jpg,glass,0
00775.jpg,glass,0
01355.jpg,glass,0
00485.jpg,glass,0
00501.jpg,glass,0
01416.jpg,glass,0
00149.jpg,glass,0
01438.jpg,glass,0
01415.jpg,glass,0
01909.jpg,glass,0
00817.jpg,glass,0
01347.jpg,glass,0
01426.jpg,glass,0
01433.jpg,glass,0
00574.jpg,glass,0
00537.jpg,glass,0
00487.jpg,glass,0
00504.jpg,glass,0
00237.jpg,glass,0
01381.jpg,glass,0
00386.jpg,glass,0
01412.jpg,glass,0
01434.jpg,glass,0
01930.jpg,glass,0
00343.jpg,glass,0
00525.jpg,glass,0
00573.jpg,glass,0
01403.jpg,glass,0
01350.jpg,glass,0
01428.jpg,glass,0
00309.jpg,glass,0
00779.jpg,glass,0
00521.jpg,glass,0
00330.jpg,glass,0
00124.jpg,glass,0
01379.jpg,glass,0
01431.jpg,glass,0
01415.jpg,glass,0
01358.jpg,glass,0
01935.jpg,glass,0
00145.jpg,glass,0
00173.jpg,glass,0
01409.jpg,glass,0
00078.jpg,glass,0
01378.jpg,glass,0
00891.jpg,glass,0
00762.jpg,glass,0
00215.jpg,glass,0
00751.jpg,glass,0
01350.jpg,glass,0
00137.jpg,glass,0
01429.jpg,glass,0
00786.jpg,glass,0
00739.jpg,glass,0
00174.jpg,glass,0
01375.jpg,glass,0
00094.jpg,glass,0
01422.jpg,glass,0
00564.jpg,glass,0
01412.jpg,glass,0
01442.jpg,glass,0
00389.jpg,glass,0
01412.jpg,glass,0
01377.jpg,glass,0
01401.jpg,glass,0
01446.jpg,glass,0
00461.jpg,glass,0
01433.jpg,glass,0
00483.jpg,glass,0
00479.jpg,glass,0
00796.jpg,glass,0
00136.jpg,glass,0
00758.jpg,glass,0
00784.jpg,glass,0
00576.jpg,glass,0
00786.jpg,glass,0
01444.jpg,glass,0
00344.jpg,glass,0
00316.jpg,glass,0
00228.jpg,glass,0
00758.jpg,glass,0
00312.jpg,glass,0
00546.jpg,glass,0
00164.jpg,glass,0
00170.jpg,glass,0
00323.jpg,glass,0
00220.jpg,glass,0
01398.jpg,glass,0
01404.jpg,glass,0
01428.jpg,glass,0
00789.jpg,glass,0
01875.jpg,glass,0
01432.jpg,glass,0
01381.jpg,glass,0
00100.jpg,glass,0
00140.jpg,glass,0
00532.jpg,glass,0
01632.jpg,glass,30
01088.jpg,glass,30
01570.jpg,glass,30
01618.jpg,glass,30
00698.jpg,glass,30
01596.jpg,glass,30
01129.jpg,glass,30
01120.jpg,glass,30
01129.jpg,glass,30
01962.jpg,glass,30
01916.jpg,glass,30
00655.jpg,glass,30
01913.jpg,glass,30
01152.jpg,glass,30
01718.jpg,glass,30
01228.jpg,glass,30
01040.jpg,glass,30
01223.jpg,glass,30
01337.jpg,glass,30
01058.jpg,glass,30
01982.jpg,glass,30
01486.jpg,glass,30
01009.jpg,glass,30
00976.jpg,glass,30
01780.jpg,glass,30
01277.jpg,glass,30
01815.jpg,glass,30
01173.jpg,glass,30
01652.jpg,glass,30
00676.jpg,glass,30
01187.jpg,glass,30
01810.jpg,glass,30
01202.jpg,glass,30
01621.jpg,glass,30
01659.jpg,glass,30
01497.jpg,glass,30
01621.jpg,glass,30
00269.jpg,glass,30
01627.jpg,glass,30
01205.jpg,glass,30
01884.jpg,glass,30
01464.jpg,glass,30
01315.jpg,glass,30
01854.jpg,glass,30
01793.jpg,glass,30
01212.jpg,glass,30
01479.jpg,glass,30
01759.jpg,glass,30
01870.jpg,glass,30
00807.jpg,glass,30
01610.jpg,glass,30
01018.jpg,glass,30
01159.jpg,glass,30
01119.jpg,glass,30
00980.jpg,glass,30
01578.jpg,glass,30
01850.jpg,glass,30
01623.jpg,glass,30
01931.jpg,glass,30
00824.jpg,glass,30
01677.jpg,glass,30
01291.jpg,glass,30
01824.jpg,glass,30
01032.jpg,glass,30
01125.jpg,glass,30
01985.jpg,glass,30
01256.jpg,glass,30
01220.jpg,glass,30
01967.jpg,glass,30
01635.jpg,glass,30
01451.jpg,glass,30
01530.jpg,glass,30
01209.jpg,glass,30
01955.jpg,glass,30
01054.jpg,glass,30
01079.jpg,glass,30
01657.jpg,glass,30
01998.jpg,glass,30
00949.jpg,glass,30
01535.jpg,glass,30
00289.jpg,glass,30
01660.jpg,glass,30
01163.jpg,glass,30
01181.jpg,glass,30
00713.jpg,glass,30
01684.jpg,glass,30
01529.jpg,glass,30
01072.jpg,glass,30
01781.jpg,glass,30
01747.jpg,glass,30
00257.jpg,glass,30
01004.jpg,glass,30
01309.jpg,glass,30
01087.jpg,glass,30
01287.jpg,glass,30
01863.jpg,glass,30
01594.jpg,glass,30
01671.jpg,glass,30
01895.jpg,glass,30
01553.jpg,glass,30
01780.jpg,glass,30
01159.jpg,glass,30
00978.jpg,glass,30
01950.jpg,glass,30
01624.jpg,glass,30
01312.jpg,glass,30
00671.jpg,glass,30
00665.jpg,glass,30
01816.jpg,glass,30
00277.jpg,glass,30
01080.jpg,glass,30
01045.jpg,glass,30
00980.jpg,glass,30
00961.jpg,glass,30
01750.jpg,glass,30
01276.jpg,glass,30
01512.jpg,glass,30
01533.jpg,glass,30
00681.jpg,glass,30
00664.jpg,glass,30
01651.jpg,glass,30
01596.jpg,glass,30
01161.jpg,glass,30
01115.jpg,glass,30
01296.jpg,glass,30
01143.jpg,glass,30
01057.jpg,glass,30
01650.jpg,glass,30
01705.jpg,glass,30
01873.jpg,glass,30
00706.jpg,glass,30
01697.jpg,glass,30
01585.jpg,glass,30
01152.jpg,glass,30
01096.jpg,glass,30
01596.jpg,glass,30
00816.jpg,glass,30
01959.jpg,glass,30
01940.jpg,glass,30
00282.jpg,glass,30
00858.jpg,glass,100
00738.jpg,glass,100
00931.jpg,glass,100
00748.jpg,glass,100
00861.jpg,glass,100
00925.jpg,glass,100
00791.jpg,glass,100
00884.jpg,glass,100
00745.jpg,glass,100
00889.jpg,glass,100
00750.jpg,glass,100
00771.jpg,glass,100
00910.jpg,glass,100
00800.jpg,glass,100
00930.jpg,glass,100
00781.jpg,glass,100
00780.jpg,glass,100
00780.jpg,glass,100
00917.jpg,glass,100
00765.jpg,glass,100
00928.jpg,glass,100
00735.jpg,glass,100
00786.jpg,glass,100
00837.jpg,glass,100
00924.jpg,glass,100
00796.jpg,glass,100
00785.jpg,glass,100
00827.jpg,glass,100
00919.jpg,glass,100
00926.jpg,glass,100
00740.jpg,glass,100
00796.jpg,glass,100
00735.jpg,glass,100
00770.jpg,glass,100
00829.jpg,glass,100
00887.jpg,glass,100
00847.jpg,glass,100
00917.jpg,glass,100
00793.jpg,glass,100
00901.jpg,glass,100
00906.jpg,glass,100
00773.jpg,glass,100
00747.jpg,glass,100
00920.jpg,glass,100
00927.jpg,glass,100
00933.jpg,glass,100
00743.jpg,glass,100
00822.jpg,glass,100
00767.jpg,glass,100
00812.jpg,glass,100
00849.jpg,glass,100
00832.jpg,glass,100
00839.jpg,glass,100
00939.jpg,glass,100
00797.jpg,glass,100
00944.jpg,glass,100
00823.jpg,glass,100
00896.jpg,glass,100
00925.jpg,glass,100
00846.jpg,glass,100
00920.jpg,glass,100
00879.jpg,glass,100
00757.jpg,glass,100
00749.jpg,glass,100
00919.jpg,glass,100
00906.jpg,glass,100
00799.jpg,glass,100
00758.jpg,glass,100
00797.jpg,glass,100
00818.jpg,glass,100
00815.jpg,glass,100
00846.jpg,glass,100
00886.jpg,glass,100
00921.jpg,glass,100
00806.jpg,glass,100
00857.jpg,glass,100
00854.jpg,glass,100
00918.jpg,glass,100
00746.jpg,glass,100
00917.jpg,glass,100
00881.jpg,glass,100
00931.jpg,glass,100
00926.jpg,glass,100
00937.jpg,glass,100
00930.jpg,glass,100
00750.jpg,glass,100
00934.jpg,glass,100
00800.jpg,glass,100
00794.jpg,glass,100
00750.jpg,glass,100
00813.jpg,glass,100
00824.jpg,glass,100
00907.jpg,glass,100
00944.jpg,glass,100
00840.jpg,glass,100
00770.jpg,glass,100
00756.jpg,glass,100
00839.jpg,glass,100
00757.jpg,glass,100
00939.jpg,glass,100
00856.jpg,glass,100
00779.jpg,glass,100
00760.jpg,glass,100
00885.jpg,glass,100
00742.jpg,glass,100
00761.jpg,glass,100
00756.jpg,glass,100
00911.jpg,glass,100
00935.jpg,glass,100
00914.jpg,glass,100
00772.jpg,glass,100
00936.jpg,glass,100
00830.jpg,glass,100
00904.jpg,glass,100
00883.jpg,glass,100
00943.jpg,glass,100
00523.jpg,glass,100
00845.jpg,glass,100
00835.jpg,glass,100
00844.jpg,glass,100
00935.jpg,glass,100
00775.jpg,glass,100
00819.jpg,glass,100
00924.jpg,glass,100
00940.jpg,glass,100
00739.jpg,glass,100
00745.jpg,glass,100
00898.jpg,glass,100
00757.jpg,glass,100
00793.jpg,glass,100
00778.jpg,glass,100
00787.jpg,glass,100
00788.jpg,glass,100
00764.jpg,glass,100
00756.jpg,glass,100
00794.jpg,glass,100
00842.jpg,glass,100
00843.jpg,glass,100
00838.jpg,glass,100
00865.jpg,glass,100
